NoDefault,Zip,NAICS,ApprovalDate,Term,NoEmp,NewExist,CreateJob,RetainedJob,FranchiseCode,UrbanRural,ChgOffDate,DisbursementDate,DisbursementGross,ChgOffPrinGr,GrAppv,SBA_Appv,New,RealEstate,Portion,Recession,daysterm,xx,RevLineCr_-1,RevLineCr_0,RevLineCr_N,RevLineCr_T,RevLineCr_Y
1,1.0044677,2.898939,-1.5974408,-0.065617174,-0.25873852,2.3118103,-0.3129244,-0.29899046,-0.17664681,-2.321978,-0.70216006,-1.4541214,-0.42319447,-0.25445136,-0.3867446,-0.36549425,1.0,0.0,0.70031875,1.0,-0.065617174,-0.8367273,0.0,1.0,0.0,0.0,0.0
1,1.2931869,1.1851382,-2.6714196,0.06311553,-0.25873852,-0.41722977,-0.3129244,-0.29899046,-0.17664681,-2.321978,-0.70216006,-2.5134566,-0.031895235,-0.25445136,0.06501197,-0.033674333,0.0,0.0,0.16584225,0.0,0.06311553,-1.2770481,0.0,0.0,1.0,0.0,0.0
0,1.5824311,-0.80131257,0.28996977,-0.7629193,-0.2057714,-0.41722977,-0.3129244,-0.15409243,-0.17664681,0.102397785,1.346068,0.27487892,-0.39691317,0.30788755,-0.5306161,-0.5481779,0.0,0.0,-0.90311074,0.0,-0.7629193,-0.5859986,0.0,0.0,0.0,1.0,0.0
1,1.7309903,1.1851382,-1.350716,1.8653734,-0.17928785,-0.41722977,-0.3129244,-0.29899046,-0.17664681,-2.321978,-0.70216006,-1.2760601,-0.27485117,-0.25445136,-0.24057113,-0.2555519,0.0,1.0,0.4330805,0.0,1.8653734,1.1127743,0.0,0.0,1.0,0.0,0.0
1,-0.14253494,-0.6026675,-0.20486218,-0.45181528,-0.25873852,-0.41722977,-0.3129244,-0.25069112,-0.17664681,0.102397785,-0.70216006,-0.17737079,-0.6860074,-0.25445136,-0.6457133,-0.6146083,0.0,0.0,-0.90311074,0.0,-0.45181528,-0.5279532,0.0,0.0,0.0,0.0,1.0
0,-0.07009267,-0.80131257,0.84492797,-0.5590925,-0.17928785,-0.41722977,-0.07218028,-0.009194402,-0.1767357,0.102397785,1.3718194,0.7651924,-0.6334156,-0.06696715,-0.63132614,-0.60630447,0.0,0.0,-0.90311074,0.0,-0.5590925,-0.1291915,0.0,0.0,0.0,0.0,1.0
1,1.8144563,1.6914884,0.3390383,-0.45181528,-0.23225495,-0.41722977,-0.3129244,-0.20239177,-0.17664681,2.5267735,-0.70216006,0.37358677,-0.6206312,-0.25445136,-0.6457133,-0.6146083,0.0,0.0,-0.90311074,0.0,-0.45181528,-0.23463495,0.0,0.0,0.0,0.0,1.0
0,-1.2585659,-0.45076242,0.7924039,-0.72000843,-0.17928785,-0.41722977,-0.3129244,-0.10579309,-0.1767357,0.102397785,1.4126022,0.7058387,-0.48159733,0.37744692,-0.5306161,-0.5481779,0.0,0.0,-0.90311074,0.0,-0.72000843,-0.31534898,0.0,0.0,1.0,0.0,0.0
1,1.2952868,-0.80131257,0.20772815,1.8653734,-0.23225495,-0.41722977,-0.19255236,-0.20239177,-0.17664681,0.102397785,-0.70216006,0.17617106,0.22215724,-0.25445136,0.2491675,0.1684402,0.0,1.0,0.4330805,0.0,1.8653734,1.8859117,0.0,1.0,0.0,0.0,0.0
1,-1.0464885,1.5395833,-0.8475908,-0.18362215,-0.23225495,2.3118103,-0.3129244,-0.29899046,-0.17664681,0.102397785,-0.70216006,-0.5812343,-0.045911923,-0.25445136,-0.014980594,-0.060246497,1.0,0.0,0.4330805,0.0,-0.18362215,-0.48536366,0.0,0.0,1.0,0.0,0.0
0,-0.6926763,-0.80131257,0.7198377,-0.62345886,-0.25873852,-0.41722977,-0.3129244,-0.25069112,-0.1767357,0.102397785,1.4292649,0.6471301,-0.56920165,0.33591855,-0.5306161,-0.5481779,0.0,0.0,-0.90311074,0.0,-0.62345886,-0.25386894,0.0,0.0,1.0,0.0,0.0
1,-1.3724787,-0.604615,-0.22697757,-0.45181528,-0.15280429,-0.41722977,-0.3129244,-0.057493746,-0.17664681,0.102397785,-0.70216006,-0.23672453,-0.7006081,-0.25445136,-0.66010046,-0.6229121,0.0,0.0,-0.90311074,0.0,-0.45181528,-0.5595519,0.0,0.0,0.0,0.0,1.0
0,-0.28164512,-0.80131257,0.6389783,-0.99892926,-0.25873852,-0.41722977,-0.3129244,-0.25069112,-0.1767357,0.102397785,1.479719,0.569067,-0.5326998,0.18787743,-0.57377756,-0.5730893,0.0,0.0,-0.90311074,0.0,-0.99892926,-0.6560653,0.0,0.0,1.0,0.0,0.0
0,-1.3740536,-0.45076242,-0.4591892,-0.9345629,-0.25873852,-0.41722977,0.16856387,-0.25069112,-0.17664681,0.102397785,1.2759216,-0.43220478,-0.56920165,0.35461012,-0.5306161,-0.5481779,0.0,0.0,-0.90311074,0.0,-0.9345629,-1.1272979,0.0,0.0,0.0,1.0,0.0
0,1.2385927,-0.80131257,0.53600353,-0.7629193,-0.02038651,-0.41722977,-0.3129244,0.18400297,-0.1767357,0.102397785,1.3930265,0.5297129,-0.5283196,0.18787743,-0.57377756,-0.5730893,0.0,0.0,-0.90311074,0.0,-0.7629193,-0.45033035,0.0,0.0,0.0,0.0,1.0
1,1.0028929,-0.9765876,0.48347947,-0.45181528,-0.23225495,2.3118103,-0.3129244,-0.20239177,-0.1767357,0.102397785,-0.70216006,0.82454616,-0.18602332,-0.25445136,-0.5306161,-0.5481779,1.0,0.0,-0.90311074,0.0,-0.45181528,0.005446387,0.0,0.0,0.0,0.0,1.0
0,1.6627475,-0.80131257,0.6576382,-1.1169342,-0.25873852,-0.41722977,-0.3129244,-0.25069112,-0.1767357,0.102397785,1.519453,0.5890666,-0.46500507,-0.011815069,-0.5910421,-0.5830538,0.0,0.0,-0.90311074,1.0,-1.1169342,-0.758761,0.0,0.0,0.0,0.0,1.0
0,-0.3042177,1.5395833,0.44063088,-0.82728565,-0.25873852,-0.41722977,0.16856387,-0.057493746,-0.17664681,0.102397785,1.4516371,0.37358677,-0.65685266,-0.06690396,-0.63132614,-0.60630447,0.0,0.0,-0.90311074,0.0,-0.82728565,-0.5952721,0.0,0.0,0.0,0.0,1.0
0,0.092639975,-0.604615,0.84492797,-0.9667461,-0.15280429,2.3118103,-0.3129244,-0.057493746,-0.1767357,0.102397785,1.4181952,0.7651924,-0.5928402,0.17310365,-0.5593904,-0.5647855,1.0,0.0,-0.90311074,0.0,-0.9667461,-0.52074045,0.0,0.0,1.0,0.0,0.0
1,-0.28479478,1.1461881,-0.069405384,1.2217098,1.7010447,-0.41722977,2.6963773,3.3234603,-0.17664681,0.102397785,-0.70216006,0.04907664,2.2020144,-0.25445136,2.2029426,2.6903048,0.0,1.0,1.7692717,0.0,1.2217098,1.2000141,0.0,0.0,1.0,0.0,0.0
1,-1.3940015,-0.45076242,-0.2871038,-0.45181528,-0.23225495,-0.41722977,0.16856387,-0.20239177,-0.17664681,0.102397785,-0.70216006,-0.09801742,-0.6860074,-0.25445136,-0.6457133,-0.6146083,0.0,0.0,-0.90311074,0.0,-0.45181528,-0.48570713,0.0,0.0,0.0,0.0,1.0
1,0.336214,-0.604615,-0.6540811,-1.2242115,0.11203127,-0.41722977,-0.19255236,0.47379902,-0.17664681,-2.321978,-0.70216006,-0.6283302,-0.56920165,-0.25445136,-0.5306161,-0.49005127,0.0,0.0,0.96755695,0.0,-1.2242115,-1.5099168,0.0,1.0,0.0,0.0,0.0
1,1.0727104,1.3195157,0.12963316,-0.45181528,-0.2057714,-0.41722977,-0.3129244,-0.29899046,-0.17664681,0.102397785,-0.70216006,0.098107986,-0.64220524,-0.25445136,-0.6025519,-0.5896969,0.0,0.0,-0.90311074,0.0,-0.45181528,-0.38129407,0.0,0.0,1.0,0.0,0.0
1,-1.0018682,1.1461881,1.0536419,-0.45181528,-0.046870064,-0.41722977,-0.07218028,0.039104942,-0.17664681,0.102397785,-0.70216006,0.961963,0.6280572,-0.25445136,0.6491303,0.5147087,0.0,0.0,0.4330805,0.0,-0.45181528,0.078604214,0.0,1.0,0.0,0.0,0.0
0,-1.0800849,1.3195157,0.4212799,-0.6878252,-0.23225495,-0.41722977,-0.19255236,-0.20239177,-0.1767357,0.102397785,1.3443202,0.37358677,-0.6845473,-0.12175273,-0.6442746,-0.61377794,0.0,0.0,-0.90311074,0.0,-0.6878252,-0.46132118,0.0,0.0,0.0,1.0,0.0
1,0.99869335,-0.58708745,-0.47370243,1.8653734,-0.15280429,-0.41722977,-0.3129244,-0.057493746,-0.17664681,0.102397785,-0.70216006,-0.39285067,0.8908701,-0.25445136,0.90809906,0.7389114,0.0,1.0,0.4330805,0.0,1.8653734,1.5829765,0.0,1.0,0.0,0.0,0.0
1,-0.29004422,1.6914884,-0.262224,-0.45181528,-0.12632073,-0.41722977,-0.3129244,-0.009194402,-0.17664681,0.102397785,-0.70216006,-0.15737115,-0.3647916,-0.25445136,-0.5306161,-0.5481779,0.0,0.0,-0.90311074,0.0,-0.45181528,-0.5173058,0.0,0.0,0.0,0.0,1.0
1,1.2385927,-0.58708745,0.77719957,-0.45181528,-0.25873852,-0.41722977,-0.3129244,-0.25069112,-0.1767357,0.102397785,-0.70216006,0.7058387,-0.5447542,-0.25445136,-0.5881647,-0.58139306,0.0,0.0,-0.90311074,0.0,-0.45181528,-0.05775099,0.0,0.0,0.0,0.0,1.0
1,-1.3835026,1.3409382,1.0204688,-0.065617174,0.032580603,-0.41722977,-0.3129244,0.28060165,-0.17664681,0.102397785,-0.70216006,0.92260885,1.4748988,-0.25445136,1.4835851,1.2371395,0.0,0.0,0.4330805,0.0,-0.065617174,0.42859402,0.0,1.0,0.0,0.0,0.0
0,1.2853128,-0.80131257,0.21809474,1.4684476,-0.23225495,-0.41722977,-0.3129244,-0.20239177,-0.17664681,0.102397785,1.4014161,0.17617106,1.255888,2.2372246,1.2677778,1.0503039,0.0,1.0,0.4330805,0.0,1.4684476,1.5046667,0.0,1.0,0.0,0.0,0.0
1,0.74724513,1.3409382,0.74333537,1.2217098,-0.2057714,-0.41722977,-0.07218028,-0.29899046,-0.17664681,0.102397785,-0.70216006,0.7129353,2.476508,-0.25445136,2.4705436,2.999206,0.0,1.0,1.7692717,0.0,1.2217098,1.5534387,0.0,1.0,0.0,0.0,0.0
1,-0.6842772,-0.9765876,-0.19933333,-0.065617174,-0.15280429,-0.41722977,0.28893593,-0.057493746,-0.17664681,0.102397785,-0.70216006,-0.2167249,-0.13118011,-0.25445136,-0.09900156,-0.29906383,0.0,0.0,-0.90311074,0.0,-0.065617174,-0.17796339,0.0,1.0,0.0,0.0,0.0
1,-1.2554163,-0.45076242,1.2181252,-0.065617174,-0.2057714,-0.41722977,-0.3129244,-0.15409243,-0.1767357,0.102397785,-0.70216006,1.0987346,-0.7006081,-0.25445136,-0.66010046,-0.6170994,0.0,0.0,0.96755695,0.0,-0.065617174,0.52235967,0.0,0.0,1.0,0.0,0.0
1,0.07531682,2.898939,-3.3811855,1.2217098,1.3037913,-0.41722977,1.8537729,1.729582,-0.17664681,-2.321978,-0.70216006,-2.9360294,1.09236,-0.25445136,1.1066418,1.4248054,0.0,1.0,1.7692717,0.0,1.2217098,-0.38919374,0.0,0.0,1.0,0.0,0.0
1,-0.21182756,-0.45076242,0.1918327,-0.45181528,1.2508242,-0.41722977,0.16856387,2.5023715,-0.17664681,0.102397785,-0.70216006,0.15617143,-0.42319447,-0.25445136,-0.3867446,-0.46513987,0.0,0.0,-0.90311074,0.0,-0.45181528,-0.3503823,0.0,0.0,1.0,0.0,0.0
1,-0.66065466,-0.6026675,0.74471754,1.8653734,-0.17928785,-0.41722977,-0.19255236,-0.15409243,-0.1767357,0.102397785,-0.70216006,0.6664846,3.1656618,-0.25445136,3.1496172,2.6795099,0.0,1.0,0.4330805,0.0,1.8653734,2.1469443,0.0,0.0,1.0,0.0,0.0
1,-0.68847674,0.9709131,-0.4467493,1.2217098,-0.2057714,-0.41722977,0.048191793,-0.29899046,-0.17664681,0.102397785,-0.70216006,-0.36639956,3.0751374,-0.25445136,3.060417,3.6801178,0.0,1.0,1.7692717,0.0,1.2217098,0.97882336,0.0,0.0,1.0,0.0,0.0
0,0.33883873,1.3195157,-0.18343788,-1.084751,-0.25873852,-0.41722977,-0.3129244,-0.25069112,-0.17664681,0.102397785,1.3687898,-0.19672526,-0.569114,0.17937207,-0.5306161,-0.5481779,0.0,0.0,-0.90311074,0.0,-1.084751,-1.1461884,0.0,0.0,0.0,0.0,1.0
0,-1.3829776,-0.80131257,0.84631014,-0.8487411,-0.25873852,-0.41722977,-0.3129244,-0.25069112,-0.1767357,0.102397785,1.4837973,0.86325514,-0.6057034,0.056050807,-0.6025519,-0.5896969,0.0,0.0,-0.90311074,0.0,-0.8487411,-0.3551908,0.0,0.0,0.0,0.0,1.0
1,0.010223761,-0.8402626,-0.30161703,1.8653734,-0.23225495,-0.41722977,-0.3129244,-0.29899046,-0.17664681,0.102397785,-0.70216006,-0.31543276,0.7448629,-0.25445136,0.7642275,0.6143544,0.0,1.0,0.4330805,0.0,1.8653734,1.6241922,0.0,0.0,1.0,0.0,0.0
1,-1.3793031,1.3409382,-0.6499345,-0.70928067,0.24444905,-0.41722977,-0.3129244,-0.29899046,-0.17664681,0.102397785,-0.70216006,-0.5889761,0.14918578,-0.25445136,-0.24287307,-0.38210183,0.0,0.0,-0.90311074,0.0,-0.70928067,-0.9943773,0.0,0.0,0.0,0.0,1.0
1,1.6606477,1.1851382,-3.2077181,-0.45181528,0.37686685,-0.41722977,-0.3129244,-0.29899046,-0.17664681,-2.321978,-0.70216006,-2.9850607,-0.32098943,-0.25445136,-0.28603452,-0.22765113,0.0,0.0,1.2347952,0.0,-0.45181528,-2.0227084,0.0,0.0,1.0,0.0,0.0
1,0.18293034,-0.80131257,-0.2774283,-0.9667461,-0.25873852,-0.41722977,-0.19255236,-0.25069112,-0.17664681,0.102397785,-0.70216006,-0.2954331,-0.61008364,-0.25445136,-0.616939,-0.5980007,0.0,0.0,-0.90311074,0.0,-0.9667461,-1.0853952,0.0,0.0,0.0,0.0,1.0
1,1.4385965,-0.80131257,0.09093122,1.8653734,0.16499838,-0.41722977,-0.3129244,0.52209836,-0.17664681,0.102397785,-0.70216006,0.058753878,3.1977835,-0.25445136,3.181269,2.7069123,0.0,1.0,0.4330805,0.0,1.8653734,1.8234013,0.0,1.0,0.0,0.0,0.0
1,-0.28321993,-0.604615,-0.1509559,-0.45181528,-0.25873852,-0.41722977,-0.19255236,-0.25069112,-0.17664681,0.102397785,-0.70216006,-0.079308085,-0.56920165,-0.25445136,-0.5306161,-0.5481779,0.0,0.0,-0.90311074,0.0,-0.45181528,-0.47574666,0.0,0.0,0.0,0.0,1.0
1,-1.3882271,-0.80131257,-0.5282998,-0.60200346,-0.25873852,-0.41722977,-0.19255236,-0.25069112,-0.17664681,0.102397785,-0.70216006,-0.25607902,-0.56881326,-0.25445136,-0.5881647,-0.58139306,0.0,0.0,-0.90311074,1.0,-0.60200346,-0.7141107,0.0,0.0,0.0,0.0,1.0
1,0.29474342,1.1851382,-0.03899672,-0.45181528,-0.23225495,-0.41722977,-0.19255236,-0.20239177,-0.17664681,-2.321978,-0.70216006,-0.079308085,-0.7006081,-0.25445136,-0.66010046,-0.6170994,0.0,0.0,0.96755695,0.0,-0.45181528,-0.47574666,0.0,1.0,0.0,0.0,0.0
1,-1.3635547,1.1851382,-1.4094601,-0.065617174,-0.23225495,-0.41722977,-0.3129244,-0.29899046,-0.17664681,-2.321978,-0.70216006,-1.3554136,-0.42319447,-0.25445136,-0.3867446,-0.36549425,0.0,0.0,0.70031875,1.0,-0.065617174,-0.78417736,0.0,1.0,0.0,0.0,0.0
0,-1.014467,1.1851382,0.81244594,-0.7951025,-0.15280429,-0.41722977,-0.19255236,-0.25069112,-0.1767357,0.102397785,1.4581624,0.7258383,-0.64220524,-0.026828973,-0.6025519,-0.5606336,0.0,0.0,0.96755695,0.0,-0.7951025,-0.37682903,0.0,0.0,1.0,0.0,0.0
0,-0.3792847,-0.45076242,0.7039423,-0.65564203,-0.25873852,-0.41722977,-0.3129244,-0.25069112,-0.1767357,0.102397785,1.450938,0.6864842,-0.41976914,0.3127279,-0.5306161,-0.5481779,0.0,0.0,-0.90311074,0.0,-0.65564203,-0.26382938,0.0,0.0,0.0,0.0,1.0
1,-0.30736735,1.6914884,-0.64025897,0.5780463,0.05906416,-0.41722977,0.048191793,0.328901,-0.17664681,0.102397785,-0.70216006,-0.6283302,0.014827059,-0.25445136,0.044869956,-0.008430776,0.0,0.0,0.4330805,0.0,0.5780463,0.22114177,0.0,1.0,0.0,0.0,0.0
1,-0.6601297,1.5395833,1.5173742,-0.45181528,-0.23225495,-0.41722977,-0.3129244,-0.20239177,-0.1767357,0.102397785,-0.70216006,1.3742135,-0.5683256,-0.25445136,-0.52975285,-0.54767966,0.0,0.0,-0.90311074,0.0,-0.45181528,0.2980777,0.0,0.0,1.0,0.0,0.0
1,-1.0827097,1.1851382,-0.09704963,-0.70928067,-0.23225495,-0.41722977,-0.3129244,-0.20239177,-0.17664681,0.102397785,-0.70216006,-0.09801742,-0.32098943,-0.25445136,-0.28603452,-0.40701327,0.0,0.0,-0.90311074,1.0,-0.70928067,-0.7330012,0.0,1.0,0.0,0.0,0.0
0,1.5630082,0.9709131,0.76406854,-1.0203847,-0.25873852,2.3118103,-0.3129244,-0.25069112,-0.1767357,2.5267735,1.5047712,0.6864842,-0.68020505,-0.1735684,-0.65146816,-0.6179298,1.0,0.0,-0.90311074,0.0,-1.0203847,-0.6141627,0.0,0.0,0.0,0.0,1.0
1,-0.16720732,1.3058833,-0.10119627,-0.45181528,-0.2057714,-0.41722977,-0.3129244,-0.15409243,-0.17664681,0.102397785,-0.70216006,-0.019954342,-0.6976879,-0.25445136,-0.65722305,-0.62125134,0.0,0.0,-0.90311074,0.0,-0.45181528,-0.44414797,0.0,0.0,0.0,0.0,1.0
1,-0.34411344,-0.80131257,-1.0162207,1.9297397,0.05906416,-0.41722977,1.1315404,0.328901,-0.17664681,0.102397785,-0.70216006,-0.9031638,2.2049346,-0.25445136,2.2029426,1.8599246,0.0,1.0,0.4330805,0.0,1.9297397,1.37312,0.0,1.0,0.0,0.0,0.0
1,-1.3793031,1.6914884,0.5111237,-0.38744894,-0.23225495,-0.41722977,-0.19255236,-0.25069112,-0.17664681,0.102397785,-0.70216006,0.45100468,-0.35019088,-0.25445136,-0.31480882,-0.27830434,0.0,0.0,0.96755695,0.0,-0.38744894,-0.13159575,0.0,1.0,0.0,0.0,0.0
0,1.3362323,-0.80131257,-0.016190218,-1.2671224,-0.2057714,-0.41722977,-0.19255236,-0.15409243,-0.17664681,0.102397785,1.453618,0.039399397,-0.083205074,0.8144046,-0.42990604,-0.49005127,0.0,0.0,-0.90311074,0.0,-1.2671224,-1.1956472,0.0,0.0,0.0,0.0,1.0
1,0.96982145,-0.80131257,0.8020794,-0.45181528,-0.25873852,-0.41722977,-0.3129244,-0.25069112,-0.1767357,0.102397785,-0.70216006,0.7258383,-0.6714066,-0.25445136,-0.63132614,-0.60630447,0.0,0.0,-0.90311074,0.0,-0.45181528,-0.047103602,0.0,0.0,1.0,0.0,0.0
0,0.5498662,-0.80131257,0.53738576,-0.73073614,0.05906416,-0.41722977,-0.19255236,0.328901,-0.1767357,0.102397785,1.3717029,0.47035918,-0.24944592,1.0030262,-0.3867446,-0.46513987,0.0,0.0,-0.90311074,0.0,-0.73073614,-0.45101726,0.0,0.0,0.0,0.0,1.0
1,-0.4721998,-0.80131257,0.32383397,1.2217098,1.2243407,-0.41722977,1.4926567,-0.29899046,-0.17664681,0.102397785,-0.70216006,0.47810096,2.377223,-0.25445136,2.372711,2.8862746,0.0,1.0,1.7692717,0.0,1.2217098,1.4284177,0.0,1.0,0.0,0.0,0.0
0,-1.2874378,-0.6026675,0.773744,-1.1491174,-0.25873852,-0.41722977,-0.3129244,-0.25069112,-0.1767357,0.102397785,1.5503315,0.6864842,-0.62082684,-0.12449517,-0.63132614,-0.60630447,0.0,0.0,-0.90311074,1.0,-1.1491174,-0.7378097,0.0,0.0,0.0,0.0,1.0
1,0.9871446,-0.80131257,-0.6112325,1.8653734,-0.23225495,2.3118103,0.28893593,-0.29899046,-0.17664681,0.102397785,-0.70216006,-0.5889761,0.20463638,-0.25445136,0.23190293,0.15349336,1.0,1.0,0.4330805,0.0,1.8653734,1.4785634,0.0,1.0,0.0,0.0,0.0
0,1.0223159,-0.80131257,-0.22283094,-0.5590925,-0.25873852,2.3118103,-0.19255236,-0.25069112,-0.17664681,-2.321978,1.1909769,-0.23672453,-0.7006081,-0.19474962,-0.66010046,-0.6170994,1.0,0.0,0.96755695,0.0,-0.5590925,-0.6625911,0.0,1.0,0.0,0.0,0.0
1,-0.39555797,1.3195157,0.057067025,-0.45181528,-0.25873852,-0.41722977,-0.3129244,-0.25069112,-0.17664681,0.102397785,-0.70216006,0.039399397,-0.6860074,-0.25445136,-0.6457133,-0.6146083,0.0,0.0,-0.90311074,0.0,-0.45181528,-0.4125493,0.0,0.0,0.0,0.0,1.0
0,0.113112785,1.1851382,0.93891835,-0.60200346,-0.28522208,-0.41722977,-0.3129244,-0.29899046,-0.1767357,0.102397785,1.4006004,0.8445458,-0.64220524,0.040923163,-0.6025519,-0.5606336,0.0,0.0,0.96755695,0.0,-0.60200346,-0.1281611,0.0,0.0,1.0,0.0,0.0
1,-0.0055245594,-0.80131257,-1.27193,1.8653734,1.4891762,-0.41722977,-0.3129244,2.9370656,-0.17664681,-2.321978,-0.70216006,-1.2186419,0.77640045,-0.25445136,0.79530376,0.64125866,0.0,1.0,0.4330805,0.0,1.8653734,1.1433426,0.0,1.0,0.0,0.0,0.0
1,-0.7152489,1.1851382,-3.390861,-0.065617174,-0.23225495,2.3118103,-0.3129244,-0.29899046,7.6811,-2.321978,-0.70216006,-3.1037683,-0.10197868,-0.25445136,-0.07022725,-0.03832446,1.0,0.0,0.96755695,0.0,-0.065617174,-1.7149647,0.0,0.0,1.0,0.0,0.0
1,-0.68847674,1.6914884,1.0729929,1.2217098,-0.25873852,-0.41722977,-0.19255236,-0.29899046,-0.17664681,0.102397785,-0.70216006,0.9929301,-0.08737796,-0.25445136,-0.0558401,0.082911044,0.0,1.0,1.7692717,0.0,1.2217098,1.702502,0.0,1.0,0.0,0.0,0.0
1,1.5876806,-0.80131257,0.9195674,-0.45181528,-0.2057714,-0.41722977,-0.19255236,-0.15409243,-0.1767357,0.102397785,-0.70216006,0.82454616,-0.6256626,-0.25445136,-0.6379442,-0.61012423,0.0,0.0,-0.90311074,0.0,-0.45181528,0.005446387,0.0,0.0,0.0,0.0,1.0
1,-0.29161906,1.1851382,-0.5269176,-0.9667461,-0.09983718,-0.41722977,-0.07218028,0.039104942,-0.17664681,0.102397785,-0.70216006,-0.5115582,-0.64220524,-0.25445136,-0.6025519,-0.5896969,0.0,0.0,-0.90311074,0.0,-0.9667461,-1.2004557,0.0,0.0,0.0,1.0,0.0
0,-0.70999944,-0.80131257,0.7046334,-0.3338103,0.05906416,-0.41722977,0.40930802,0.039104942,5.9694004,0.102397785,1.4120196,0.6471301,-0.32974985,1.3809141,-0.29466683,-0.2585413,0.0,0.0,0.96755695,0.0,-0.3338103,0.024336906,0.0,0.0,1.0,0.0,0.0
1,-0.66065466,-0.6026675,0.74471754,1.8653734,-0.17928785,-0.41722977,-0.19255236,-0.15409243,-0.1767357,0.102397785,-0.70216006,0.6664846,-0.3647916,-0.25445136,-0.32919598,-0.33227903,0.0,1.0,0.4330805,0.0,1.8653734,2.1469443,0.0,0.0,1.0,0.0,0.0
0,-0.008674224,-0.80131257,0.96310705,-0.7521916,-0.25873852,2.3118103,-0.3129244,-0.25069112,-0.1767357,0.102397785,1.4532684,0.88325477,-0.6472804,-0.06488189,-0.63132614,-0.60630447,1.0,0.0,-0.90311074,0.0,-0.7521916,-0.25180814,0.0,0.0,0.0,0.0,1.0
1,1.227569,1.5395833,0.3031008,-0.065617174,0.2709326,-0.41722977,-0.3129244,0.71529573,-0.17664681,0.102397785,-0.70216006,0.27487892,0.36816442,-0.25445136,0.39303902,0.2929972,0.0,0.0,0.4330805,0.0,-0.065617174,0.08375618,0.0,1.0,0.0,0.0,0.0
1,-0.8522593,-0.604615,0.832488,-0.45181528,-0.25873852,-0.41722977,0.16856387,-0.25069112,-0.17664681,0.102397785,-0.70216006,0.7458379,-0.6276045,-0.25445136,-0.5881647,-0.58139306,0.0,0.0,-0.90311074,0.0,-0.45181528,-0.03645622,0.0,0.0,0.0,0.0,1.0
1,-1.3488563,-0.45076242,0.53600353,-0.45181528,-0.25873852,-0.41722977,-0.19255236,-0.25069112,-0.17664681,0.102397785,-0.70216006,0.4903588,-0.39603713,-0.25445136,-0.5306161,-0.5481779,0.0,0.0,-0.90311074,0.0,-0.45181528,-0.17246796,0.0,0.0,0.0,0.0,1.0
1,0.9902942,-0.80131257,0.07780021,-0.45181528,-0.25873852,-0.41722977,-0.3129244,-0.29899046,-0.17664681,0.102397785,-0.70216006,0.039399397,-0.65680593,-0.25445136,-0.616939,-0.5980007,0.0,0.0,-0.90311074,0.0,-0.45181528,-0.4125493,0.0,0.0,0.0,0.0,1.0
0,1.7246909,-0.604615,0.03702495,-0.9452906,-0.25873852,-0.41722977,-0.3129244,-0.25069112,-0.17664681,0.102397785,1.3570211,-0.00059986225,-0.56920165,0.37744692,-0.5306161,-0.5481779,0.0,0.0,-0.90311074,0.0,-0.9452906,-0.9078244,0.0,0.0,0.0,1.0,0.0
1,1.574032,1.1851382,-3.2173934,-0.065617174,-0.23225495,2.3118103,-0.3129244,-0.29899046,-0.17664681,-2.321978,-0.70216006,-2.9850607,-0.4407153,-0.25445136,-0.40400916,-0.38143754,1.0,0.0,0.70031875,0.0,-0.065617174,-1.6517674,0.0,0.0,1.0,0.0,0.0
0,-0.31209186,-0.80131257,0.5553545,-1.0632956,2.3631337,-0.41722977,-0.3129244,4.530944,-0.17664681,0.102397785,1.6133701,0.4903588,1.0660787,6.7277465,1.0807449,0.8883798,0.0,0.0,0.4330805,1.0,-1.0632956,-0.7597914,0.0,1.0,0.0,0.0,0.0
1,0.023347361,1.6914884,0.15036634,-0.45181528,-0.07335362,-0.41722977,-0.3129244,-0.29899046,-0.17664681,0.102397785,-0.70216006,0.13810726,-0.42319447,-0.25445136,-0.3867446,-0.46513987,0.0,0.0,-0.90311074,0.0,-0.45181528,-0.3599993,0.0,0.0,1.0,0.0,0.0
1,1.2989613,-0.80131257,0.3279806,1.2217098,-0.15280429,2.3118103,0.048191793,-0.29899046,-0.17664681,0.102397785,-0.70216006,0.3245554,-0.0698571,-0.25445136,-0.038575523,0.10284016,1.0,1.0,1.7692717,0.0,1.2217098,1.3466733,0.0,1.0,0.0,0.0,0.0
1,0.07374199,-0.80131257,0.1669529,1.8653734,-0.2057714,-0.41722977,-0.3129244,-0.15409243,-0.17664681,0.102397785,-0.70216006,0.11810762,0.88794994,-0.25445136,0.9052216,0.7364202,0.0,1.0,0.4330805,0.0,1.8653734,1.855,0.0,1.0,0.0,0.0,0.0
1,0.9918691,1.5395833,0.106135555,-0.4732707,-0.25873852,-0.41722977,-0.3129244,-0.25069112,-0.17664681,0.102397785,-0.70216006,0.07875351,-0.5435394,-0.25445136,-0.6025519,-0.5896969,0.0,0.0,-0.90311074,0.0,-0.4732707,-0.41220582,0.0,0.0,0.0,0.0,1.0
1,0.9944938,-0.80131257,0.3625359,-0.45181528,-0.25873852,-0.41722977,-0.3129244,-0.25069112,-0.17664681,0.102397785,-0.70216006,0.3335875,-0.19832005,-0.25445136,-0.45868033,-0.50665885,0.0,0.0,-0.90311074,0.0,-0.45181528,-0.2559297,0.0,0.0,0.0,0.0,1.0
0,-0.555141,1.6914884,-0.38316754,-1.0418402,-0.23225495,-0.41722977,-0.3129244,-0.29899046,-0.17664681,0.102397785,1.2441111,-0.33349693,-0.6714066,-0.06517256,-0.63132614,-0.60630447,0.0,0.0,-0.90311074,0.0,-1.0418402,-1.1777871,0.0,1.0,0.0,0.0,0.0
0,0.08266603,-0.80131257,0.8179748,-0.5483648,-0.12632073,-0.41722977,-0.19255236,-0.009194402,-0.17664681,0.102397785,1.3654107,0.7458379,-0.48200613,0.36051205,-0.5306161,-0.5481779,0.0,0.0,-0.90311074,0.0,-0.5483648,-0.1291915,0.0,0.0,0.0,0.0,1.0
0,1.5540841,-0.80131257,0.5408413,-0.6663698,-0.23225495,2.3118103,-0.3129244,-0.20239177,-0.1767357,0.102397785,1.3566716,0.4903588,-0.6860074,-0.12807171,-0.6457133,-0.6146083,1.0,0.0,-0.90311074,0.0,-0.6663698,-0.37854636,0.0,0.0,0.0,1.0,0.0
1,0.9944938,1.5376358,0.062595874,-0.45181528,-0.09983718,-0.41722977,-0.3129244,0.039104942,-0.17664681,0.102397785,-0.70216006,0.039399397,-0.56920165,-0.25445136,-0.5306161,-0.5481779,0.0,0.0,-0.90311074,0.0,-0.45181528,-0.4125493,0.0,0.0,0.0,0.0,1.0
0,1.479542,-0.604615,0.9181852,-0.6449143,-0.23225495,-0.41722977,3.900098,-0.20239177,-0.17664681,2.5267735,1.4293814,0.82454616,-0.5593578,0.02421577,-0.6054293,-0.59135765,0.0,0.0,-0.90311074,0.0,-0.6449143,-0.18002418,0.0,0.0,0.0,0.0,1.0
0,0.49737182,1.1851382,-1.7667619,-1.009657,-0.12632073,-0.41722977,-0.3129244,-0.29899046,-0.17664681,-2.321978,1.0822616,-1.6502467,-0.4523959,-0.14742044,-0.41551888,-0.39206642,0.0,0.0,0.70031875,0.0,-1.009657,-1.8478854,0.0,1.0,0.0,0.0,0.0
1,-1.2648653,-0.45076242,0.061904766,1.8653734,-0.2057714,-0.41722977,-0.3129244,-0.15409243,-0.17664681,0.102397785,-0.70216006,0.019399768,0.53753275,-0.25445136,0.55992997,0.43748337,0.0,1.0,0.4330805,0.0,1.8653734,1.80245,0.0,1.0,0.0,0.0,0.0
1,-0.48269868,0.9709131,-1.2864431,1.8653734,-0.02038651,-0.41722977,-0.3129244,0.18400297,-0.17664681,-2.321978,-0.70216006,-1.2379963,0.20463638,-0.25445136,0.23190293,0.15349336,0.0,1.0,0.4330805,0.0,1.8653734,1.1330386,0.0,1.0,0.0,0.0,0.0
1,-0.31209186,1.3195157,-0.22490425,-0.70928067,0.5092846,-0.41722977,0.65005213,1.1499898,-0.17664681,0.102397785,-0.70216006,-0.19672526,-0.2771873,-0.25445136,-0.24287307,-0.38210183,0.0,0.0,-0.90311074,1.0,-0.70928067,-0.7855512,0.0,1.0,0.0,0.0,0.0
1,1.423898,1.5376358,-0.82962203,-0.70928067,-0.25873852,2.3118103,-0.3129244,-0.29899046,-0.17664681,0.102397785,-0.70216006,-0.7863918,-0.6276045,-0.25445136,-0.5881647,-0.54651713,1.0,0.0,0.96755695,0.0,-0.70928067,-1.0994773,0.0,1.0,0.0,0.0,0.0
1,0.02072264,0.9709131,-0.5193154,1.8653734,0.006097047,-0.41722977,-0.3129244,-0.29899046,-0.17664681,0.102397785,-0.70216006,-0.5115582,0.28756845,-0.25445136,0.4028223,0.3014671,0.0,1.0,0.4330805,0.0,1.8653734,1.5197791,0.0,0.0,1.0,0.0,0.0
0,-0.69320124,-0.80131257,0.57954323,-0.6878252,-0.25873852,-0.41722977,-0.3129244,-0.25069112,-0.1767357,0.102397785,1.3671585,0.51035845,-0.6153399,0.03874943,-0.6054293,-0.59135765,0.0,0.0,-0.90311074,0.0,-0.6878252,-0.3885068,0.0,0.0,0.0,0.0,1.0
1,-1.3640797,1.3039358,0.793095,-0.45181528,0.35038328,-0.41722977,-0.3129244,0.8601938,-0.1767357,0.102397785,-0.70216006,0.7058387,0.4091165,-0.25445136,-0.24287307,-0.38210183,0.0,0.0,-0.90311074,0.0,-0.45181528,-0.05775099,0.0,0.0,0.0,0.0,1.0
1,-1.2716895,-0.80131257,0.69979566,-0.45181528,-0.17928785,-0.41722977,-0.07218028,-0.10579309,-0.17664681,2.5267735,-0.70216006,0.7258383,-0.55437607,-0.25445136,-0.5306161,-0.5481779,0.0,0.0,-0.90311074,0.0,-0.45181528,-0.047103602,0.0,0.0,0.0,0.0,1.0
0,0.23175013,-0.80131257,0.734351,-0.7629193,-0.23225495,2.3118103,-0.3129244,-0.20239177,-0.1767357,0.102397785,1.4186614,0.6664846,-0.65096563,-0.12529136,-0.63995844,-0.61128676,1.0,0.0,-0.90311074,0.0,-0.7629193,-0.37751597,0.0,0.0,1.0,0.0,0.0
0,-0.28479478,2.898939,0.67560697,-0.91310745,0.05906416,-0.41722977,-0.3129244,0.328901,3.493934,0.102397785,1.458512,0.60906625,0.8908701,4.5041723,0.90809906,0.7389114,0.0,0.0,0.4330805,0.0,-0.91310745,-0.55233914,0.0,1.0,0.0,0.0,0.0
1,0.9902942,-0.80131257,0.69634014,-0.45181528,-0.25873852,-0.41722977,-0.3129244,-0.25069112,-0.17664681,0.102397785,-0.70216006,0.6471301,-0.5711873,-0.25445136,-0.6025519,-0.5896969,0.0,0.0,-0.90311074,0.0,-0.45181528,-0.08900621,0.0,0.0,0.0,0.0,1.0
1,-0.9745712,-0.80131257,0.68666464,1.2217098,0.77412015,-0.41722977,6.9094,-0.29899046,-0.17664681,0.102397785,-0.70216006,0.6361625,1.0281168,-0.25445136,1.0433383,1.3517319,0.0,1.0,1.7692717,0.0,1.2217098,1.5125664,0.0,1.0,0.0,0.0,0.0
1,-1.3835026,0.9533856,0.28858757,1.8653734,-0.15280429,-0.41722977,-0.3129244,-0.057493746,-0.17664681,0.102397785,-0.70216006,0.23487966,1.0368773,-0.25445136,1.0519706,0.8634684,0.0,1.0,0.4330805,0.0,1.8653734,1.917167,0.0,1.0,0.0,0.0,0.0
1,1.2853128,-0.80131257,0.31761402,1.8653734,-0.25873852,-0.41722977,-0.19255236,-0.25069112,-0.17664681,0.102397785,-0.70216006,0.27487892,1.2675686,-0.25445136,1.2792876,1.0602685,0.0,1.0,0.4330805,0.0,1.8653734,1.9384618,0.0,1.0,0.0,0.0,0.0
0,-0.027047263,-0.80131257,0.27407432,-0.891652,-0.23225495,-0.41722977,-0.3129244,-0.20239177,-0.17664681,0.102397785,1.3845203,0.23487966,-0.64220524,0.0028196948,-0.6025519,-0.5896969,0.0,0.0,-0.90311074,1.0,-0.891652,-0.7309404,0.0,0.0,1.0,0.0,0.0
0,-0.37875974,-0.80131257,0.009380707,-0.7521916,-0.25873852,-0.41722977,-0.3129244,-0.25069112,-0.17664681,0.102397785,1.2953808,-0.00059986225,-0.64220524,0.055178788,-0.6025519,-0.5896969,0.0,0.0,-0.90311074,1.0,-0.7521916,-0.7223538,0.0,0.0,0.0,1.0,0.0
0,-0.08321627,-0.80131257,0.526328,-0.2908994,-0.25873852,2.3118103,-0.19255236,-0.25069112,-0.17664681,0.102397785,1.3687898,0.4903588,-0.5400002,0.36633813,-0.5018418,-0.53157026,1.0,0.0,-0.90311074,0.0,-0.2908994,-0.017909165,0.0,1.0,0.0,0.0,0.0
1,-1.276414,2.898939,-2.9506266,-0.065617174,-0.15280429,2.3118103,-0.3129244,-0.29899046,-0.17664681,-2.321978,-0.70216006,-2.7489362,-0.48159733,-0.25445136,-0.44429317,-0.39206642,1.0,0.0,1.2347952,0.0,-0.065617174,-1.5260595,0.0,0.0,1.0,0.0,0.0
1,0.5472415,0.9709131,-1.3209984,1.2217098,0.11203127,-0.41722977,0.28893593,-0.29899046,-0.17664681,-2.321978,-0.70216006,-1.2289642,0.49373057,-0.25445136,0.6088463,0.8501823,0.0,1.0,1.7692717,0.0,1.2217098,0.519612,0.0,0.0,1.0,0.0,0.0
0,-1.3625048,1.3039358,-0.2083177,-1.2885778,-0.17928785,-0.41722977,0.048191793,-0.10579309,-0.17664681,0.102397785,1.4854286,-0.2167249,-0.26258656,0.1066785,-0.3867446,-0.46513987,0.0,0.0,-0.90311074,0.0,-1.2885778,-1.3526102,0.0,0.0,0.0,1.0,0.0
1,1.5876806,-0.80131257,0.395709,1.2217098,-0.046870064,-0.41722977,0.16856387,0.13570362,-0.17664681,0.102397785,-0.70216006,0.383264,-0.271347,-0.25445136,-0.23711821,-0.12634476,0.0,1.0,1.7692717,0.0,1.2217098,1.3779285,0.0,1.0,0.0,0.0,0.0
0,0.07531682,-0.80131257,0.8400902,-0.18362215,-0.2057714,-0.41722977,-0.07218028,-0.15409243,-0.1767357,0.102397785,1.4313623,0.7458379,-0.6860074,-0.13149661,-0.6457133,-0.602983,0.0,0.0,0.96755695,0.0,-0.18362215,0.22114177,0.0,0.0,1.0,0.0,0.0
1,-0.68060255,1.5551634,0.19736156,-0.45181528,0.006097047,-0.41722977,-0.3129244,0.23230231,-0.17664681,0.102397785,-0.70216006,0.15617143,0.45284858,-0.25445136,0.4764845,0.3652403,0.0,0.0,0.4330805,0.0,-0.45181528,-0.3503823,0.0,1.0,0.0,0.0,0.0
1,-0.48847306,1.6914884,0.4979927,-1.2993056,-0.25873852,2.3118103,-0.3129244,-0.25069112,-0.1767357,0.102397785,1.5629159,0.4903588,-0.67397344,-0.23448339,-0.6457133,-0.6146083,1.0,0.0,-0.90311074,0.0,-1.2993056,-0.9864776,0.0,0.0,0.0,0.0,1.0
0,-0.0018499515,-0.80131257,0.31415847,-1.3422165,-0.23225495,-0.41722977,-0.3129244,-0.29899046,-0.17664681,0.102397785,1.4300805,0.25487927,-0.45796168,0.2553136,-0.54500324,-0.55648166,0.0,0.0,-0.90311074,0.0,-1.3422165,-1.1530577,0.0,0.0,0.0,0.0,1.0
1,-1.3761533,-0.8402626,-0.64371455,1.8653734,-0.07335362,-0.41722977,-0.3129244,0.08740428,-0.17664681,0.102397785,-0.70216006,-0.56897646,0.441168,-0.25445136,0.46497476,0.35527572,0.0,1.0,0.4330805,0.0,1.8653734,1.4892108,0.0,1.0,0.0,0.0,0.0
1,-0.6895266,1.6914884,-0.699003,-0.033434,0.032580603,2.3118103,0.16856387,0.28060165,-0.17664681,0.102397785,-0.70216006,-0.6483298,1.803415,-0.25445136,1.807296,1.5173928,1.0,0.0,0.4330805,0.0,-0.033434,-0.37682903,0.0,1.0,0.0,0.0,0.0
1,0.7346465,1.3058833,-0.4232517,-0.065617174,-0.17928785,-0.41722977,-0.19255236,-0.10579309,-0.17664681,0.102397785,-0.70216006,-0.4128503,-0.17994651,-0.25445136,-0.14705464,-0.17458984,0.0,0.0,0.4330805,0.0,-0.065617174,-0.28237644,0.0,1.0,0.0,0.0,0.0
0,-0.48217374,1.1851382,0.50352156,-0.81655794,-0.15280429,-0.41722977,-0.19255236,-0.057493746,-0.17664681,0.102397785,1.4018822,0.45100468,-0.42319447,0.9446388,-0.3867446,-0.46513987,0.0,0.0,-0.90311074,0.0,-0.81655794,-0.54375255,0.0,0.0,0.0,0.0,1.0
1,0.29264364,-0.80131257,0.61340743,-0.45181528,-0.25873852,-0.41722977,-0.3129244,-0.25069112,-0.1767357,0.102397785,-0.70216006,0.54971254,-0.6714066,-0.25445136,-0.63132614,-0.60630447,0.0,0.0,-0.90311074,0.0,-0.45181528,-0.14086927,0.0,0.0,1.0,0.0,0.0
1,-0.22915071,1.1851382,-3.7267387,1.2217098,0.13851483,-0.41722977,-0.3129244,-0.29899046,-0.1767357,-2.321978,-0.70216006,-3.396666,-0.21586427,-0.25445136,-0.18244703,-0.20523088,0.0,1.0,0.4330805,0.0,1.2217098,-0.634427,0.0,0.0,1.0,0.0,0.0
1,1.3414818,-0.45076242,-0.17929125,-0.45181528,0.11203127,-0.41722977,-0.3129244,-0.29899046,-0.17664681,0.102397785,-0.70216006,-0.17737079,-0.56920165,-0.25445136,-0.5306161,-0.49005127,0.0,0.0,0.96755695,0.0,-0.45181528,-0.5279532,0.0,1.0,0.0,0.0,0.0
1,-0.0238976,-0.80131257,1.5864848,-0.45181528,-0.02038651,-0.41722977,-0.3129244,0.18400297,-0.1767357,0.102397785,-0.70216006,1.4361477,0.014827059,-0.25445136,0.044869956,-0.21602581,0.0,0.0,-0.90311074,0.0,-0.45181528,0.33105025,0.0,0.0,0.0,0.0,1.0
0,0.99869335,-0.80131257,0.89952534,-0.7629193,-0.17928785,-0.41722977,-0.3129244,-0.10579309,-0.1767357,0.102397785,1.442665,0.80454654,-0.5619013,0.18787743,-0.57377756,-0.5730893,0.0,0.0,-0.90311074,0.0,-0.7629193,-0.30401468,0.0,0.0,0.0,1.0,0.0
1,-1.3903269,1.5551634,0.114428826,1.8653734,-0.2057714,-0.41722977,-0.3129244,-0.29899046,-0.17664681,0.102397785,-0.70216006,0.07875351,1.255888,-0.25445136,1.2677778,1.0503039,0.0,1.0,0.4330805,0.0,1.8653734,1.8340486,0.0,0.0,1.0,0.0,0.0
0,-1.3929516,-0.80131257,0.86842555,-0.8701966,-0.28522208,2.3118103,-0.3129244,-0.29899046,-0.1767357,0.102397785,1.4737763,0.7851921,-0.6860074,-0.16334428,-0.6457133,-0.602983,1.0,0.0,0.96755695,0.0,-0.8701966,-0.4173578,0.0,0.0,1.0,0.0,0.0
0,-0.16773225,-0.45076242,0.76475966,-0.62345886,-0.2057714,-0.41722977,-0.3129244,-0.15409243,-0.1767357,0.102397785,1.3847533,0.6864842,-0.50298446,0.3763348,-0.5306161,-0.5481779,0.0,0.0,-0.90311074,0.0,-0.62345886,-0.23291762,0.0,0.0,0.0,0.0,1.0
1,0.7619436,1.1656631,0.09093122,-0.45181528,-0.25873852,-0.41722977,-0.3129244,-0.25069112,-0.17664681,0.102397785,-0.70216006,0.058753878,-0.6714066,-0.25445136,-0.63132614,-0.60630447,0.0,0.0,-0.90311074,0.0,-0.45181528,-0.40224537,0.0,0.0,0.0,0.0,1.0
1,1.4685183,-0.80131257,0.28444093,1.2217098,0.6417024,-0.41722977,0.8907963,-0.29899046,1.4231493,2.5267735,-0.70216006,0.41939238,-0.21586427,-0.25445136,-0.1594276,-0.0366637,0.0,1.0,1.7692717,0.0,1.2217098,1.3971624,0.0,1.0,0.0,0.0,0.0
1,0.7551193,-0.45076242,-0.18827564,-0.45181528,1.3037913,-0.41722977,0.28893593,2.5989702,-0.17664681,0.102397785,-0.70216006,-0.2167249,-0.48159733,-0.25445136,-0.44429317,-0.49835506,0.0,0.0,-0.90311074,0.0,-0.45181528,-0.5489045,0.0,0.0,0.0,0.0,1.0
1,-0.55776566,1.6914884,-0.21246435,1.8653734,0.032580603,-0.41722977,-0.07218028,0.28060165,-0.17664681,0.102397785,-0.70216006,-0.2167249,1.3288916,-0.25445136,1.3397136,1.1125824,0.0,1.0,0.4330805,0.0,1.8653734,1.6767422,0.0,1.0,0.0,0.0,0.0
1,1.2858378,-0.80131257,-0.6050126,1.2217098,-0.046870064,-0.41722977,-0.07218028,0.039104942,-0.17664681,0.102397785,-0.70216006,-0.5605895,1.4223362,-0.25445136,1.4317913,1.8001372,0.0,1.0,1.7692717,0.0,1.2217098,0.87544066,0.0,0.0,1.0,0.0,0.0
1,0.7619436,-0.80131257,0.47242177,1.2217098,-0.12632073,-0.41722977,0.28893593,-0.29899046,-0.17664681,0.102397785,-0.70216006,0.44197258,0.9113111,-0.25445136,0.928241,1.2188711,0.0,1.0,1.7692717,0.0,1.2217098,1.4091837,0.0,1.0,0.0,0.0,0.0
1,-0.6821774,-0.80131257,0.029422782,-0.45181528,-0.23225495,2.3118103,-0.3129244,-0.20239177,-0.17664681,0.102397785,-0.70216006,0.098107986,-0.65680593,-0.25445136,-0.6457133,-0.6146083,1.0,0.0,-0.90311074,0.0,-0.45181528,-0.38129407,0.0,0.0,0.0,0.0,1.0
1,-0.2874195,1.6914884,-1.4170622,1.8653734,-0.25873852,-0.41722977,-0.3129244,-0.29899046,-0.17664681,-2.321978,-0.70216006,-1.3554136,-0.32390958,-0.25445136,-0.28891194,-0.29740307,0.0,1.0,0.4330805,0.0,1.8653734,1.0705283,0.0,0.0,1.0,0.0,0.0
1,-0.33571434,-0.80131257,1.2519894,1.8653734,-0.25873852,-0.41722977,-0.19255236,-0.25069112,-0.1767357,0.102397785,-0.70216006,1.1580883,4.14683,-0.25445136,4.1164336,4.3460827,0.0,1.0,1.2347952,0.0,1.8653734,2.408664,0.0,0.0,1.0,0.0,0.0
1,-0.022322768,0.9533856,-2.2422428,1.8653734,0.24444905,-0.41722977,-0.3129244,-0.29899046,-0.17664681,-2.321978,-0.70216006,-2.0424976,-0.000252562,-0.25445136,0.030010905,-0.021295026,0.0,1.0,0.4330805,0.0,1.8653734,0.7047391,0.0,0.0,1.0,0.0,0.0
1,1.1871482,1.1851382,0.73020434,-0.49472618,-0.23225495,-0.41722977,-0.3129244,-0.20239177,-0.17664681,0.102397785,-0.70216006,0.6471301,-0.13118011,-0.25445136,-0.09900156,-0.1329878,0.0,0.0,0.4330805,0.0,-0.49472618,-0.13022189,0.0,1.0,0.0,0.0,0.0
0,-0.34306356,0.9709131,-2.5394185,-1.2134838,-0.15280429,-0.41722977,-0.3129244,-0.29899046,-0.17664681,-2.321978,1.5891334,-2.3966846,0.08783065,-0.23726374,0.11680571,0.053847738,0.0,0.0,0.4330805,0.0,-1.2134838,-2.4410477,0.0,0.0,1.0,0.0,0.0
1,1.0742853,1.6914884,-0.7950668,-0.065617174,-0.17928785,-0.41722977,-0.3129244,-0.29899046,-0.17664681,0.102397785,-0.70216006,-0.7663922,0.6134565,-0.25445136,0.63474315,0.502253,0.0,0.0,0.4330805,0.0,-0.065617174,-0.4705947,0.0,0.0,1.0,0.0,0.0
0,1.0265154,-0.80131257,0.9313162,-0.8487411,-0.25873852,-0.41722977,-0.07218028,-0.25069112,-0.1767357,0.102397785,1.479719,0.8445458,-0.64220524,-0.026020143,-0.6025519,-0.5606336,0.0,0.0,0.96755695,0.0,-0.8487411,-0.36515126,0.0,0.0,1.0,0.0,0.0
1,-1.3840276,-0.80131257,-0.24701965,-0.45181528,-0.07335362,-0.41722977,-0.3129244,0.08740428,-0.17664681,0.102397785,-0.70216006,-0.19672526,-0.6860074,-0.25445136,-0.6457133,-0.6146083,0.0,0.0,-0.90311074,0.0,-0.45181528,-0.5382571,0.0,0.0,0.0,0.0,1.0
1,-0.46905014,0.9533856,0.3950179,1.8653734,-0.15280429,-0.41722977,-0.3129244,-0.057493746,-0.17664681,0.102397785,-0.70216006,0.35358712,1.7158107,-0.25445136,1.720973,1.4426585,0.0,1.0,0.4330805,0.0,1.8653734,1.9803643,0.0,1.0,0.0,0.0,0.0
1,0.9944938,-0.80131257,0.363227,1.2217098,0.05906416,-0.41722977,0.8907963,-0.29899046,-0.17664681,0.102397785,-0.70216006,0.3426196,0.119952224,-0.25445136,0.14845744,0.318739,0.0,1.0,1.7692717,0.0,1.2217098,1.3562902,0.0,1.0,0.0,0.0,0.0
0,-1.3961012,-0.604615,0.8400902,-0.81655794,-0.15280429,-0.41722977,-0.3129244,-0.057493746,-0.17664681,0.102397785,1.4522197,0.7458379,-0.591167,0.034490436,-0.5881647,-0.58139306,0.0,0.0,-0.90311074,0.0,-0.81655794,-0.3867895,0.0,0.0,0.0,0.0,1.0
1,-0.39503303,1.3195157,0.42542654,-0.70928067,-0.12632073,-0.41722977,-0.07218028,0.08740428,-0.17664681,0.102397785,-0.70216006,0.37358677,-0.59840304,-0.25445136,-0.5593904,-0.5647855,0.0,0.0,-0.90311074,0.0,-0.70928067,-0.48192903,0.0,1.0,0.0,0.0,0.0
0,-0.39555797,-0.45076242,0.84078133,-0.6878252,-0.15280429,-0.41722977,-0.3129244,-0.057493746,-0.1767357,0.102397785,1.4320614,0.80454654,-0.59961784,-0.0037646852,-0.616939,-0.5980007,0.0,0.0,-0.90311074,0.0,-0.6878252,-0.23188724,0.0,0.0,0.0,0.0,1.0
1,1.1745496,-0.8402626,1.4081794,1.8653734,-0.2057714,-0.41722977,-0.3129244,-0.15409243,-0.1767357,0.102397785,-0.70216006,1.2967955,2.6429563,-0.25445136,2.6345572,2.806558,0.0,1.0,1.2347952,0.0,1.8653734,2.4825087,0.0,0.0,1.0,0.0,0.0
1,1.1745496,-0.80131257,0.42404434,0.5780463,0.2709326,-0.41722977,-0.3129244,0.71529573,-0.17664681,0.102397785,-0.70216006,0.37358677,-0.2771873,-0.25445136,-0.24287307,-0.20772201,0.0,0.0,0.96755695,0.0,0.5780463,0.75454134,0.0,1.0,0.0,0.0,0.0
1,-0.6081603,-0.80131257,0.45859966,-0.70928067,0.05906416,2.3118103,0.5296801,0.6669964,-0.17664681,0.102397785,-0.70216006,0.62713045,-0.64220524,-0.25445136,-0.6025519,-0.5896969,1.0,0.0,-0.90311074,0.0,-0.70928067,-0.34694767,0.0,0.0,0.0,0.0,1.0
0,1.2422674,-0.58708745,-0.09704963,-0.19434987,-0.12632073,-0.41722977,-0.3129244,-0.29899046,-0.17664681,0.102397785,1.4559485,-0.11801705,0.16083422,3.410584,0.18874148,0.11612625,0.0,0.0,0.4330805,0.0,-0.19434987,-0.24906044,0.0,0.0,1.0,0.0,0.0
0,-0.6937262,1.3058833,0.28513202,-0.73073614,-0.25873852,-0.41722977,-0.3129244,-0.25069112,-0.17664681,0.102397785,1.4500059,0.25487927,-0.6130038,0.15174548,-0.57377756,-0.5730893,0.0,0.0,-0.90311074,0.0,-0.73073614,-0.5657342,0.0,0.0,1.0,0.0,0.0
1,0.1167874,-0.80131257,-0.5718395,0.83551174,-0.23225495,-0.41722977,-0.3129244,-0.20239177,-0.17664681,0.102397785,-0.70216006,-0.56897646,-0.0759894,-0.25445136,-0.044618126,-0.15861334,0.0,0.0,-0.101395994,0.0,0.83551174,0.5000345,0.0,1.0,0.0,0.0,0.0
1,0.17820585,1.1851382,-1.467513,-0.065617174,-0.12632073,-0.41722977,-0.3129244,-0.29899046,-0.17664681,-2.321978,-0.70216006,-1.3554136,-0.40859374,-0.25445136,-0.37235743,-0.36964613,0.0,0.0,0.4330805,1.0,-0.065617174,-0.78417736,0.0,1.0,0.0,0.0,0.0
0,0.5115453,-0.80131257,0.57055885,1.5971802,0.13851483,-0.41722977,0.28893593,0.47379902,5.9477134,2.5267735,1.466319,0.51035845,-0.014374375,1.7195989,0.016095653,-0.033342183,0.0,1.0,0.4330805,0.0,1.5971802,1.8062282,0.0,1.0,0.0,0.0,0.0
0,-0.2805952,1.1851382,-0.21315545,-1.3100333,-0.25873852,-0.41722977,-0.07218028,-0.25069112,-0.17664681,0.102397785,1.2961965,-0.2167249,-0.58380234,0.1876373,-0.57377756,-0.5730893,0.0,0.0,-0.90311074,0.0,-1.3100333,-1.373218,0.0,0.0,0.0,0.0,1.0
1,-0.68847674,0.9709131,-1.8255059,-0.065617174,-0.2057714,-0.41722977,-0.3129244,-0.29899046,-0.17664681,-2.321978,-0.70216006,-1.6696012,0.018185224,-0.25445136,0.7642275,0.6143544,0.0,0.0,0.4330805,0.0,-0.065617174,-0.9514443,0.0,1.0,0.0,0.0,0.0
1,-0.70527494,1.3039358,-0.8234021,1.8653734,-0.12632073,-0.41722977,-0.3129244,-0.009194402,-0.17664681,0.102397785,-0.70216006,-0.7863918,1.1478428,-0.25445136,1.343742,1.11607,0.0,1.0,0.4330805,0.0,1.8653734,1.3734635,0.0,1.0,0.0,0.0,0.0
1,-0.2910941,-0.80131257,-0.5718395,-0.9667461,-0.25873852,-0.41722977,0.28893593,-0.25069112,-0.17664681,0.102397785,-0.70216006,-0.56897646,-0.58380234,-0.25445136,-0.54500324,-0.55648166,0.0,0.0,-0.90311074,0.0,-0.9667461,-1.231024,0.0,0.0,0.0,0.0,1.0
0,-0.47954902,-0.45076242,1.2319473,-0.17289442,-0.23225495,-0.41722977,-0.07218028,-0.20239177,-0.1767357,0.102397785,1.490206,1.1187342,-0.6860074,-0.1325582,-0.6457133,-0.602983,0.0,0.0,0.96755695,0.0,-0.17289442,0.42996788,0.0,0.0,1.0,0.0,0.0
1,0.41548055,-0.58708745,0.8172837,-0.45181528,-0.15280429,-0.41722977,-0.19255236,-0.057493746,-0.1767357,0.102397785,-0.70216006,0.7458379,-0.42319447,-0.25445136,-0.3867446,-0.46513987,0.0,0.0,-0.90311074,0.0,-0.45181528,-0.03645622,0.0,0.0,1.0,0.0,0.0
1,0.38713357,1.3058833,-0.8075067,1.8653734,-0.02038651,-0.41722977,-0.3129244,-0.29899046,-0.17664681,2.5267735,-0.70216006,-0.7663922,0.48058993,-0.25445136,0.50382006,0.38890612,0.0,1.0,0.4330805,0.0,1.8653734,1.3841108,0.0,0.0,1.0,0.0,0.0
0,1.190298,-0.80131257,0.1918327,-1.1491174,-0.25873852,2.3118103,-0.3129244,-0.25069112,-0.17664681,0.102397785,1.4528024,0.15617143,-0.64722204,-0.1799253,-0.6457133,-0.6146083,1.0,0.0,-0.90311074,0.0,-1.1491174,-1.0201371,0.0,0.0,0.0,0.0,1.0
0,0.9918691,-0.80131257,-0.078389764,-1.1169342,-0.17928785,-0.41722977,-0.07218028,-0.10579309,-0.17664681,0.102397785,1.4122527,-0.09801742,-0.3864503,0.3031483,-0.54500324,-0.55648166,0.0,0.0,-0.90311074,0.0,-1.1169342,-1.1245501,0.0,0.0,0.0,0.0,1.0
1,-1.0071177,0.9553331,-3.7488542,1.8653734,0.032580603,-0.41722977,-0.3129244,-0.29899046,-0.1767357,-2.321978,-0.70216006,-3.4560199,-0.096138395,-0.25445136,-0.06447239,-0.032677878,0.0,1.0,0.96755695,0.0,1.8653734,-0.04779053,0.0,0.0,1.0,0.0,0.0
1,1.4391214,1.1851382,-2.8511074,-0.45181528,0.5092846,-0.41722977,-0.3129244,-0.29899046,-0.17664681,-2.321978,-0.70216006,-2.6895823,0.21047667,-0.25445136,0.23765779,0.21112174,0.0,0.0,0.70031875,0.0,-0.45181528,-1.865402,0.0,0.0,1.0,0.0,0.0
1,1.2842629,-0.80131257,0.59820306,-0.45181528,-0.2057714,-0.41722977,-0.3129244,-0.15409243,-0.1767357,0.102397785,-0.70216006,0.6471301,-0.48691198,-0.25445136,-0.616939,-0.5980007,0.0,0.0,-0.90311074,0.0,-0.45181528,-0.08900621,0.0,0.0,0.0,0.0,1.0
1,0.07531682,-0.58708745,-0.3099103,1.2217098,0.032580603,-0.41722977,0.8907963,0.28060165,-0.17664681,0.102397785,-0.70216006,-0.20833795,1.2033254,-0.25445136,1.2159841,1.5510231,0.0,1.0,1.7692717,0.0,1.2217098,1.0629721,0.0,0.0,1.0,0.0,0.0
1,0.74357057,1.3195157,0.9997357,0.1811205,0.24444905,-0.41722977,0.8907963,0.6669964,-0.17664681,0.102397785,-0.70216006,0.9026092,1.1519309,-0.25445136,1.1653413,0.9616193,0.0,0.0,0.4330805,0.0,0.1811205,0.6549368,0.0,1.0,0.0,0.0,0.0
1,1.2958117,-0.80131257,0.52701914,-0.065617174,-0.23225495,2.3118103,-0.07218028,-0.20239177,-0.17664681,0.102397785,-0.70216006,0.4903588,-0.40859374,-0.25445136,-0.37235743,-0.33477017,1.0,0.0,0.96755695,0.0,-0.065617174,0.19847316,0.0,1.0,0.0,0.0,0.0
0,-1.3745786,-0.45076242,0.77927285,-0.6663698,0.11203127,-0.41722977,-0.07218028,0.42549968,-0.1767357,0.102397785,1.39559,0.7058387,-0.6728667,-0.1305993,-0.6457133,-0.6146083,0.0,0.0,-0.90311074,0.0,-0.6663698,-0.26382938,0.0,0.0,1.0,0.0,0.0
1,-0.46590045,-0.9765876,0.30724743,-0.45181528,-0.2057714,-0.41722977,0.048191793,-0.15409243,-0.1767357,0.102397785,-0.70216006,0.25487927,-0.5122588,-0.25445136,-0.5306161,-0.5481779,0.0,0.0,-0.90311074,0.0,-0.45181528,-0.2978323,0.0,0.0,0.0,0.0,1.0
1,1.7336149,1.3409382,-0.5317553,-0.9667461,-0.25873852,-0.41722977,-0.3129244,-0.25069112,-0.17664681,0.102397785,-0.70216006,-0.53091264,-0.6276045,-0.25445136,-0.5881647,-0.58139306,0.0,0.0,-0.90311074,0.0,-0.9667461,-1.2107596,0.0,1.0,0.0,0.0,0.0
0,-0.3934582,-0.80131257,1.0646996,1.7473683,-0.25873852,-0.41722977,-0.19255236,-0.25069112,-0.17664681,0.102397785,1.6117387,0.961963,0.6835399,2.7430212,0.70380145,0.5620404,0.0,1.0,0.4330805,0.0,1.7473683,2.1909077,0.0,1.0,0.0,0.0,0.0
1,-0.50054675,-0.9765876,0.38534242,1.8653734,0.085547715,-0.41722977,-0.3129244,-0.29899046,-0.17664681,0.102397785,-0.70216006,0.3335875,0.7512872,-0.25445136,0.7705579,0.61983484,0.0,1.0,0.4330805,0.0,1.8653734,1.9697169,0.0,0.0,1.0,0.0,0.0
0,-0.6821774,-0.58708745,0.28513202,-0.9667461,-0.2057714,-0.41722977,-0.3129244,-0.15409243,-0.17664681,0.102397785,1.4153987,0.27487892,-0.16914198,0.929726,-0.3867446,-0.46513987,0.0,0.0,-0.90311074,1.0,-0.9667461,-0.7817731,0.0,0.0,1.0,0.0,0.0
0,-0.6926763,1.1851382,0.76959735,-0.98820156,-0.23225495,-0.41722977,-0.07218028,-0.20239177,-0.17664681,0.102397785,1.5096653,0.7058387,-0.2596664,1.0747215,-0.22560848,-0.37213728,0.0,0.0,-0.90311074,0.0,-0.98820156,-0.57294697,0.0,1.0,0.0,0.0,0.0
0,-0.39555797,-0.80131257,0.7481731,-0.462543,-0.23225495,-0.41722977,-0.19255236,-0.20239177,-0.1767357,0.102397785,1.5454376,0.6664846,-0.64220524,0.051652793,-0.6025519,-0.5606336,0.0,0.0,0.96755695,0.0,-0.462543,-0.08900621,0.0,0.0,1.0,0.0,0.0
0,1.2370179,-0.80131257,0.83179694,-0.5590925,-0.23225495,2.3118103,-0.07218028,-0.10579309,-0.1767357,0.102397785,1.3754315,0.7851921,-0.6013232,0.23815125,-0.56226784,-0.56644624,1.0,0.0,-0.90311074,0.0,-0.5590925,-0.11854412,0.0,0.0,0.0,0.0,1.0
1,-0.50054675,-0.80131257,0.5463701,1.8653734,-0.17928785,-0.41722977,-0.3129244,-0.10579309,-0.17664681,0.102397785,-0.70216006,0.51035845,-0.042115737,-0.25445136,-0.011239934,-0.057008017,0.0,1.0,0.4330805,0.0,1.8653734,2.063826,0.0,1.0,0.0,0.0,0.0
1,1.6994936,1.1851382,-0.42601612,1.2217098,-0.23225495,-0.41722977,-0.19255236,-0.29899046,-0.17664681,0.102397785,-0.70216006,-0.32575515,-0.26842687,-0.25445136,-0.23424079,-0.12302324,0.0,1.0,1.7692717,0.0,1.2217098,1.0004616,0.0,1.0,0.0,0.0,0.0
1,1.5467349,-0.80131257,0.0999156,-0.45181528,-0.25873852,-0.41722977,-0.3129244,-0.25069112,-0.17664681,0.102397785,-0.70216006,0.13810726,-0.6462613,-0.25445136,-0.616939,-0.5980007,0.0,0.0,-0.90311074,0.0,-0.45181528,-0.3599993,0.0,0.0,0.0,0.0,1.0
0,-0.3792847,-0.80131257,0.46343738,-0.73073614,-0.15280429,2.3118103,-0.19255236,-0.057493746,-0.1767357,0.102397785,1.3811412,0.41165057,-0.64220524,0.00081025827,-0.6025519,-0.5606336,1.0,0.0,0.96755695,0.0,-0.73073614,-0.48227248,0.0,0.0,1.0,0.0,0.0
1,1.7126172,-0.99606264,0.9409917,-0.45181528,-0.2057714,-0.41722977,0.048191793,-0.009194402,-0.17664681,0.102397785,-0.70216006,0.8445458,-0.35369796,-0.25445136,-0.5306161,-0.5481779,0.0,0.0,-0.90311074,0.0,-0.45181528,0.01609377,0.0,0.0,0.0,0.0,1.0
0,-1.3929516,-0.80131257,0.27891207,-1.009657,-0.25873852,-0.41722977,-0.3129244,-0.25069112,-0.17664681,0.102397785,1.4325275,0.23487966,-0.64220524,-0.070101365,-0.6025519,-0.5896969,0.0,0.0,-0.90311074,1.0,-1.009657,-0.8442835,0.0,0.0,1.0,0.0,0.0
1,-0.2874195,-0.604615,-0.30230814,-0.70928067,-0.25873852,-0.41722977,-0.3129244,-0.25069112,-0.17664681,0.102397785,-0.70216006,-0.079308085,-0.64220524,-0.25445136,-0.6025519,-0.5896969,0.0,0.0,-0.90311074,1.0,-0.70928067,-0.72304076,0.0,0.0,0.0,0.0,1.0
1,1.6627475,-0.80131257,-0.25600404,-0.45181528,-0.25873852,-0.41722977,-0.3129244,-0.29899046,-0.17664681,-2.321978,-0.70216006,-0.27607864,-0.5521918,-0.25445136,-0.5306161,-0.5481779,0.0,0.0,-0.90311074,0.0,-0.45181528,-0.58050317,0.0,0.0,0.0,0.0,1.0
1,0.9855697,-0.80131257,0.38741574,-0.45181528,-0.02038651,-0.41722977,-0.3129244,0.18400297,-0.17664681,0.102397785,-0.70216006,0.4903588,-0.56786126,-0.25445136,-0.63132614,-0.60630447,0.0,0.0,-0.90311074,0.0,-0.45181528,-0.17246796,0.0,0.0,0.0,0.0,1.0
1,0.96982145,-0.80131257,-0.014808006,1.8653734,-0.12632073,-0.41722977,-0.3129244,-0.009194402,-0.17664681,0.102397785,-0.70216006,-0.019954342,-0.1676819,-0.25445136,-0.13496943,-0.16412705,0.0,1.0,0.4330805,0.0,1.8653734,1.7814987,0.0,1.0,0.0,0.0,0.0
1,1.8359791,-0.80131257,0.83179694,-0.45181528,-0.25873852,-0.41722977,-0.3129244,-0.25069112,-0.1767357,2.5267735,-0.70216006,0.7458379,-0.24251643,-0.25445136,-0.5881647,-0.58139306,0.0,0.0,-0.90311074,0.0,-0.45181528,-0.03645622,0.0,0.0,0.0,0.0,1.0
0,0.08791547,1.1851382,0.786875,-0.35526577,-0.23225495,-0.41722977,-0.3129244,-0.20239177,-0.1767357,0.102397785,1.442665,0.7058387,-0.13118011,2.1411383,-0.09900156,-0.29906383,0.0,0.0,-0.90311074,0.0,-0.35526577,0.03498429,0.0,0.0,1.0,0.0,0.0
1,0.55984014,-0.80131257,0.56503,-0.45181528,-0.25873852,-0.41722977,-0.3129244,-0.25069112,-0.1767357,0.102397785,-0.70216006,0.5297129,-0.64220524,-0.25445136,-0.6025519,-0.5896969,0.0,0.0,-0.90311074,0.0,-0.45181528,-0.15151666,0.0,0.0,1.0,0.0,0.0
1,-1.3903269,-0.9765876,-0.45988032,1.8653734,-0.23225495,-0.41722977,-0.3129244,-0.20239177,-0.17664681,0.102397785,-0.70216006,-0.43220478,-0.0056139454,-0.25445136,0.024727944,-0.02586876,0.0,1.0,0.4330805,0.0,1.8653734,1.5620252,0.0,1.0,0.0,0.0,0.0
0,-0.0076243356,-0.6026675,0.24159235,-0.5912757,0.032580603,-0.41722977,-0.3129244,0.28060165,-0.17664681,0.102397785,1.2770869,0.19552554,-0.56920165,0.37397146,-0.5306161,-0.5481779,0.0,0.0,-0.90311074,0.0,-0.5912757,-0.46338198,0.0,0.0,0.0,1.0,0.0
0,-0.28846937,1.1851382,0.7495553,-0.4732707,-0.25873852,2.3118103,-0.3129244,-0.25069112,-0.1767357,0.102397785,1.4529189,0.6664846,-0.64220524,0.0070154993,-0.6025519,-0.5606336,1.0,0.0,0.96755695,0.0,-0.4732707,-0.09931013,0.0,0.0,1.0,0.0,0.0
1,1.6281012,1.6914884,-0.9090993,-0.70928067,-0.15280429,-0.41722977,-0.3129244,-0.057493746,-0.17664681,0.102397785,-0.70216006,-0.84445524,-0.5275312,-0.25445136,-0.5306161,-0.5481779,0.0,0.0,-0.90311074,0.0,-0.70928067,-1.1303891,0.0,0.0,0.0,0.0,1.0
1,0.17873079,1.3058833,-0.6236724,-0.065617174,-0.2057714,-0.41722977,-0.3129244,-0.29899046,-0.17664681,0.102397785,-0.70216006,-0.56897646,-0.2041837,-0.25445136,-0.17093731,-0.1952663,0.0,0.0,0.4330805,0.0,-0.065617174,-0.36549473,0.0,0.0,1.0,0.0,0.0
0,0.9997432,-0.80131257,0.66316706,-1.009657,-0.25873852,-0.41722977,-0.3129244,-0.25069112,-0.17664681,0.102397785,1.4869434,0.60906625,-0.6401436,-0.1344918,-0.6457133,-0.6146083,0.0,0.0,-0.90311074,0.0,-1.009657,-0.6450744,0.0,0.0,0.0,0.0,1.0
1,1.6643224,-0.80131257,0.5878365,1.2217098,-0.15280429,2.3118103,3.2982378,-0.29899046,-0.17664681,0.102397785,-0.70216006,0.577454,-0.23338513,-0.25445136,-0.19971162,-0.08316499,1.0,1.0,1.7692717,0.0,1.2217098,1.4813112,0.0,1.0,0.0,0.0,0.0
1,0.11941212,1.5395833,0.72398436,-0.065617174,-0.23225495,2.3118103,-0.19255236,-0.20239177,-0.1767357,0.102397785,-0.70216006,0.6471301,0.16083422,-0.25445136,0.18874148,0.11612625,1.0,0.0,0.4330805,0.0,-0.065617174,0.2819349,0.0,0.0,1.0,0.0,0.0
0,-0.29056916,-0.9765876,0.36737365,1.4362644,-0.23225495,2.3118103,-0.07218028,-0.10579309,-0.17664681,0.102397785,1.5030235,0.31423303,1.9754727,5.4452963,2.412995,2.0417778,1.0,1.0,0.4330805,0.0,1.4362644,1.5472562,0.0,0.0,1.0,0.0,0.0
0,0.98819447,-0.80131257,-0.21453767,-0.773647,-0.25873852,-0.41722977,0.28893593,-0.25069112,-0.17664681,0.102397785,1.2684642,-0.19672526,-0.64220524,-0.06490716,-0.6025519,-0.5896969,0.0,0.0,-0.90311074,1.0,-0.773647,-0.84737474,0.0,1.0,0.0,0.0,0.0
1,0.7467202,-0.80131257,0.31899622,1.8653734,-0.09983718,-0.41722977,0.40930802,0.039104942,-0.17664681,0.102397785,-0.70216006,0.27487892,0.38860542,-0.25445136,0.41318104,0.3104352,0.0,1.0,0.4330805,0.0,1.8653734,1.9384618,0.0,1.0,0.0,0.0,0.0
1,1.4380715,1.3195157,-0.22766867,-0.065617174,0.19148195,2.3118103,-0.3129244,0.57039773,-0.17664681,0.102397785,-0.70216006,-0.23672453,3.1101792,-0.25445136,3.094946,2.632178,1.0,0.0,0.4330805,0.0,-0.065617174,-0.18861076,0.0,1.0,0.0,0.0,0.0
1,0.74357057,1.3195157,0.73365986,-0.44108754,0.006097047,-0.41722977,-0.07218028,0.23230231,-0.17664681,0.102397785,-0.70216006,0.6664846,-0.42319447,-0.25445136,-0.3867446,-0.34888664,0.0,0.0,0.96755695,0.0,-0.44108754,-0.06839837,0.0,1.0,0.0,0.0,0.0
1,-0.81761295,-0.45076242,-0.25738624,-0.45181528,-0.23225495,-0.41722977,-0.3129244,-0.20239177,-0.17664681,0.102397785,-0.70216006,-0.27607864,-0.43049482,-0.25445136,-0.5306161,-0.5481779,0.0,0.0,-0.90311074,0.0,-0.45181528,-0.58050317,0.0,0.0,0.0,0.0,1.0
1,1.021266,-0.80131257,-0.10810733,1.2217098,2.098298,-0.41722977,1.8537729,-0.29899046,-0.17664681,0.102397785,-0.70216006,-0.108984955,0.08783065,-0.25445136,0.11680571,0.28220227,0.0,1.0,1.7692717,0.0,1.2217098,1.1158655,0.0,0.0,1.0,0.0,0.0
1,-0.08426616,-0.9765876,-0.50342,1.0929772,-0.23225495,-0.41722977,-0.3129244,-0.29899046,-0.17664681,0.102397785,-0.70216006,-0.49155852,0.3331227,-0.25445136,0.35850984,0.26310354,0.0,0.0,0.4330805,0.0,1.0929772,0.7885443,0.0,0.0,1.0,0.0,0.0
1,0.7593189,1.3409382,0.6680048,1.2217098,0.77412015,-0.41722977,0.65005213,-0.29899046,-0.17664681,0.102397785,-0.70216006,0.6180984,2.2896187,-0.25445136,2.2863882,2.7866287,0.0,1.0,1.7692717,0.0,1.2217098,1.5029494,0.0,1.0,0.0,0.0,0.0
